-- Part 2: Products + Product Items + Customer Measurements
INSERT INTO products (id, category_id, name, slug, description, base_price) VALUES
(1,  1, 'The Royal Crystal Gown',      'royal-crystal-gown',      'Váy cưới đính pha lê Swarovski, đuôi cá dài 2m, thiết kế độc quyền', 85000000),
(2,  1, 'Princess A-Line Dream',       'princess-a-line-dream',   'Váy chữ A xếp tầng, tulle Pháp nhập khẩu, thắt lưng đính ngọc', 45000000),
(3,  1, 'Elegant Mermaid Silhouette',  'elegant-mermaid',         'Váy đuôi cá ôm sát, ren Chantilly Pháp, cúc ngọc trai dọc lưng', 62000000),
(4,  1, 'Bohemian Garden Bride',       'bohemian-garden-bride',   'Váy phong cách Boho, silk chiffon, thêu hoa đồng nội tự nhiên', 38000000),
(5,  1, 'Classic Ballgown Royale',     'classic-ballgown-royale', 'Váy bồng hoàng gia, corset thêu tay, xương cá Pháp cao cấp', 72000000),
(6,  1, 'Off-Shoulder Lace Bridal',    'off-shoulder-lace',       'Váy trễ vai ren toàn thân, đuôi 1.5m, thiết kế hiện đại', 52000000),
(7,  2, 'Áo Dài Lụa Cung Đình Đỏ',   'ao-dai-lua-cung-dinh-do', 'Lụa tơ tằm cung đình, thêu phượng hoàng vàng 24k, màu đỏ', 28000000),
(8,  2, 'Áo Dài Cưới Xanh Ngọc',     'ao-dai-xanh-ngoc',        'Lụa cao cấp màu xanh ngọc, thêu hoa sen bạc, cổ thuyền', 22000000),
(9,  2, 'Áo Dài Trắng Tinh Khôi',    'ao-dai-trang-tinh-khoi',  'Lụa trắng ngà, thêu hoa trà mi, phối quần trắng lụa', 18000000),
(10, 3, 'Classic Italian Tuxedo',      'classic-italian-tuxedo',  'Tuxedo Italy, vải wool cao cấp, ve áo lụa satin đen', 18000000),
(11, 3, 'Modern Slim Fit Navy',        'modern-slim-fit-navy',    'Suit slim fit xanh navy, worsted wool, lót lụa Ý', 15000000),
(12, 3, 'Ivory Three-Piece Suit',      'ivory-three-piece-suit',  'Suit 3 mảnh màu kem, vest + quần + gile, phong cách vintage', 20000000),
(13, 3, 'Charcoal Peak Lapel Suit',    'charcoal-peak-lapel',     'Suit xám đậm ve nhọn, vải cashmere blend, lịch lãm sang trọng', 22000000),
(14, 4, 'Vương Miện Pha Lê Hoàng Gia','vuong-mien-pha-le',       'Vương miện đính pha lê Swarovski và ngọc trai, mạ vàng 18k', 12000000),
(15, 4, 'Bộ Phụ Kiện Cô Dâu Luxury',  'phu-kien-co-dau-luxury',  'Set vương miện + hoa tai + vòng cổ + cài tóc, đá CZ', 8500000),
(16, 5, 'Dusty Rose Bridesmaid Gown', 'dusty-rose-bridesmaid',   'Váy phù dâu dusty rose, chiffon, thiết kế one-shoulder thanh lịch', 8000000),
(17, 5, 'Sage Green Bridesmaid',      'sage-green-bridesmaid',   'Váy phù dâu xanh lá nhạt, A-line, cổ V, eo thắt dây tinh tế', 7500000),
(18, 6, 'Midnight Blue Evening Gown', 'midnight-blue-evening',   'Đầm dạ hội xanh đêm, sequin toàn thân, tay cape mỏng', 25000000),
(19, 6, 'Rose Gold Cocktail Dress',   'rose-gold-cocktail',      'Đầm cocktail vàng hồng, satin bóng, cúp ngực, đuôi dài', 15000000),
(20, 7, 'Áo Dài Tết Gấm Nhung Đỏ',  'ao-dai-tet-gam-nhung',    'Gấm nhung đỏ thêu hoa mẫu đơn vàng, dùng cho lễ Tết', 12000000);

SELECT setval('products_id_seq', 20);

INSERT INTO product_items (id, product_id, sku, size, color, status) VALUES
(1,  1,  'RCG-S-WH',   'S',  'Trắng Ngà',  'AVAILABLE'),
(2,  1,  'RCG-M-WH',   'M',  'Trắng Ngà',  'AVAILABLE'),
(3,  1,  'RCG-L-WH',   'L',  'Trắng Ngà',  'RENTED'),
(4,  1,  'RCG-M-CR',   'M',  'Kem',        'AVAILABLE'),
(5,  2,  'PAL-S-WH',   'S',  'Trắng',      'AVAILABLE'),
(6,  2,  'PAL-M-WH',   'M',  'Trắng',      'RENTED'),
(7,  2,  'PAL-L-WH',   'L',  'Trắng',      'AVAILABLE'),
(8,  2,  'PAL-M-PK',   'M',  'Hồng Phấn',  'AVAILABLE'),
(9,  3,  'EM-S-WH',    'S',  'Trắng',      'AVAILABLE'),
(10, 3,  'EM-M-WH',    'M',  'Trắng',      'RENTED'),
(11, 3,  'EM-L-WH',    'L',  'Trắng',      'AVAILABLE'),
(12, 4,  'BG-S-IV',    'S',  'Kem Boho',   'AVAILABLE'),
(13, 4,  'BG-M-IV',    'M',  'Kem Boho',   'AVAILABLE'),
(14, 4,  'BG-L-IV',    'L',  'Kem Boho',   'AVAILABLE'),
(15, 5,  'CB-S-WH',    'S',  'Trắng',      'AVAILABLE'),
(16, 5,  'CB-M-WH',    'M',  'Trắng',      'RENTED'),
(17, 5,  'CB-L-WH',    'L',  'Trắng',      'MAINTENANCE'),
(18, 6,  'OSL-S-WH',   'S',  'Trắng',      'AVAILABLE'),
(19, 6,  'OSL-M-WH',   'M',  'Trắng',      'AVAILABLE'),
(20, 6,  'OSL-L-WH',   'L',  'Trắng',      'AVAILABLE'),
(21, 7,  'ADD-S-RD',   'S',  'Đỏ',         'AVAILABLE'),
(22, 7,  'ADD-M-RD',   'M',  'Đỏ',         'RENTED'),
(23, 7,  'ADD-L-RD',   'L',  'Đỏ',         'AVAILABLE'),
(24, 8,  'ADX-S-GR',   'S',  'Xanh Ngọc',  'AVAILABLE'),
(25, 8,  'ADX-M-GR',   'M',  'Xanh Ngọc',  'AVAILABLE'),
(26, 8,  'ADX-L-GR',   'L',  'Xanh Ngọc',  'AVAILABLE'),
(27, 9,  'ADT-S-WH',   'S',  'Trắng',      'AVAILABLE'),
(28, 9,  'ADT-M-WH',   'M',  'Trắng',      'AVAILABLE'),
(29, 10, 'CTB-S-BK',   'S',  'Đen',        'AVAILABLE'),
(30, 10, 'CTB-M-BK',   'M',  'Đen',        'RENTED'),
(31, 10, 'CTB-L-BK',   'L',  'Đen',        'AVAILABLE'),
(32, 10, 'CTB-XL-BK',  'XL', 'Đen',        'AVAILABLE'),
(33, 11, 'NSF-M-NV',   'M',  'Xanh Navy',  'AVAILABLE'),
(34, 11, 'NSF-L-NV',   'L',  'Xanh Navy',  'AVAILABLE'),
(35, 11, 'NSF-XL-NV',  'XL', 'Xanh Navy',  'AVAILABLE'),
(36, 12, 'ITP-M-IV',   'M',  'Kem',        'AVAILABLE'),
(37, 12, 'ITP-L-IV',   'L',  'Kem',        'RENTED'),
(38, 13, 'CPS-M-CH',   'M',  'Xám',        'AVAILABLE'),
(39, 13, 'CPS-L-CH',   'L',  'Xám',        'AVAILABLE'),
(40, 14, 'VC-PL-01',   NULL, 'Bạch Kim',   'AVAILABLE'),
(41, 14, 'VC-GD-01',   NULL, 'Vàng 18k',   'AVAILABLE'),
(42, 15, 'BPK-LX-01',  NULL, 'Bạc',        'AVAILABLE'),
(43, 15, 'BPK-LX-02',  NULL, 'Vàng',       'AVAILABLE'),
(44, 16, 'DRB-S-RO',   'S',  'Dusty Rose', 'AVAILABLE'),
(45, 16, 'DRB-M-RO',   'M',  'Dusty Rose', 'AVAILABLE'),
(46, 16, 'DRB-L-RO',   'L',  'Dusty Rose', 'AVAILABLE'),
(47, 17, 'SGB-S-GR',   'S',  'Xanh Lá',   'AVAILABLE'),
(48, 17, 'SGB-M-GR',   'M',  'Xanh Lá',   'AVAILABLE'),
(49, 18, 'MBE-S-BL',   'S',  'Xanh Đêm',  'AVAILABLE'),
(50, 18, 'MBE-M-BL',   'M',  'Xanh Đêm',  'AVAILABLE'),
(51, 19, 'RGC-S-RG',   'S',  'Vàng Hồng', 'AVAILABLE'),
(52, 19, 'RGC-M-RG',   'M',  'Vàng Hồng', 'AVAILABLE'),
(53, 20, 'ATG-S-RD',   'S',  'Đỏ',        'AVAILABLE'),
(54, 20, 'ATG-M-RD',   'M',  'Đỏ',        'AVAILABLE');

SELECT setval('product_items_id_seq', 54);

-- Customer Measurements (for 20 customers id 5..24)
INSERT INTO customer_measurements (user_id, bust, waist, hip, shoulder, arm_length, note) VALUES
(5,  88.0, 66.0, 92.0, 38.0, 57.0, 'Ngực đầy, eo thon, cần điều chỉnh cúp ngực'),
(6,  84.0, 62.0, 88.0, 36.5, 55.0, 'Dáng thon, phù hợp váy chữ A hoặc mermaid'),
(7,  86.0, 64.0, 90.0, 37.0, 56.0, 'Vai rộng hơn trung bình, cần chỉnh vai'),
(8,  90.0, 70.0, 96.0, 39.0, 58.0, 'Khách hàng mang bầu tháng thứ 3, cần khoảng rộng vùng bụng'),
(9,  82.0, 60.0, 86.0, 36.0, 54.0, 'Dáng nhỏ nhắn, thích váy bồng xếp tầng'),
(10, 85.0, 63.0, 89.0, 37.5, 55.5, 'Da ngăm, phù hợp màu kem hoặc champagne'),
(11, 87.0, 65.0, 91.0, 38.0, 56.5, 'Ưu tiên váy có tay dài che bắp tay'),
(12, 83.0, 61.0, 87.0, 36.0, 54.5, 'Thích kiểu truyền thống, áo dài hoặc ballgown'),
(13, 89.0, 67.0, 93.0, 38.5, 57.5, 'Chiều cao 170cm, phù hợp váy dài đuôi cá'),
(14, 84.0, 62.0, 88.0, 36.5, 55.0, 'Thích thiết kế tối giản, hiện đại'),
(15, 86.0, 64.0, 90.0, 37.0, 56.0, 'Thêm độn vai nhẹ, eo nở chút xíu'),
(16, 91.0, 71.0, 97.0, 39.5, 58.5, 'Ngực lớn cần cúp đặc biệt, corset ẩn bên trong'),
(17, 82.0, 60.0, 86.0, 35.5, 54.0, 'Nhỏ nhắn thanh mảnh, ưa váy mỏng nhẹ'),
(18, 85.0, 63.0, 89.0, 37.0, 55.5, 'Thích đính hạt, sequin, thêu nổi'),
(19, 88.0, 66.0, 92.0, 38.0, 57.0, 'Cần chiết eo sâu 3cm so với số đo thực'),
(20, 84.0, 62.0, 88.0, 36.5, 55.0, 'Lưng dài hơn trung bình 2cm'),
(21, 86.0, 64.0, 90.0, 37.5, 56.5, 'Thích màu trắng thuần, không thêu'),
(22, 83.0, 61.0, 87.0, 36.0, 54.5, 'Đặt may riêng, lấy số đo kỹ'),
(23, 87.0, 65.0, 91.0, 38.0, 57.0, 'Thích phong cách vintage, ren cổ điển'),
(24, 89.0, 67.0, 93.0, 38.5, 57.5, 'Kết hôn ngày 20/07/2026, cần gấp');

SELECT 'Part 2 Done: Products=' || (SELECT COUNT(*) FROM products) ||
       ', Items=' || (SELECT COUNT(*) FROM product_items) ||
       ', Measurements=' || (SELECT COUNT(*) FROM customer_measurements) AS status;
